"metric","statistic","value"
"TP","mean",0.991377552891609
"TP","variance",7.63440330702409e-05
"TP","mean",1.03561565414019
"TP","variance",9.10077580748171e-06
